{"cameraMode":{"drawMode":0,"name":"Shaded","section":"Shading Mode"},"sceneLighting":false,"audioPlay":false,"sceneViewState":{"m_AlwaysRefresh":false,"showFog":true,"showSkybox":false,"showFlares":true,"showImageEffects":true,"showParticleSystems":true,"showVisualEffectGraphs":true,"m_FxEnabled":true},"in2DMode":false,"pivot":{"x":5.508005619049072,"y":3.752302885055542,"z":-0.01120758056640625},"rotation":{"x":0.01019017118960619,"y":0.006596327759325504,"z":0.00006684350955765694,"w":-0.9999319314956665},"size":22.598163604736329,"orthographic":false}